{
  "timestamp": "2025-08-02T00:56:08.388323",
  "pattern": {
    "accuracy": 0.48422941541859343,
    "confusion_matrix": [
      [
        0,
        0,
        5757
      ],
      [
        0,
        0,
        1716
      ],
      [
        0,
        0,
        7016
      ]
    ],
    "classification_report": {
      "0": {
        "precision": 0.0,
        "recall": 0.0,
        "f1-score": 0.0,
        "support": 5757.0
      },
      "1": {
        "precision": 0.0,
        "recall": 0.0,
        "f1-score": 0.0,
        "support": 1716.0
      },
      "2": {
        "precision": 0.48422941541859343,
        "recall": 1.0,
        "f1-score": 0.652499418739828,
        "support": 7016.0
      },
      "accuracy": 0.48422941541859343,
      "macro avg": {
        "precision": 0.16140980513953115,
        "recall": 0.3333333333333333,
        "f1-score": 0.21749980624660933,
        "support": 14489.0
      },
      "weighted avg": {
        "precision": 0.23447812675663274,
        "recall": 0.48422941541859343,
        "f1-score": 0.3159594120973589,
        "support": 14489.0
      }
    },
    "samples": 14489
  },
  "finbert": {
    "f1_macro": 0.0,
    "f1_micro": 0.0,
    "samples": 3
  },
  "rag": {
    "recall@3": 1.0,
    "recall@5": 1.0,
    "recall@10": 1.0
  }
}